Date,02D001_Cl (ppm wt.),02D001_H2S (ppm wt.),02D001_Hydrogen Sulfide (ppm wt.),02D001_pH @25oC,02D001_Sulfide (ppm wt.),02D001_Total Iron (ppm),
1/01/2018,5.28,,,7.00,,,
2/01/2018,5.30,,,7.91,,,
3/01/2018,1,,,7.69,,0.09,
4/01/2018,3.94,,,7.68,,,
5/01/2018,3.50,,,7.47,,,
6/01/2018,2.40,,,7.45,,,
7/01/2018,4.54,,,7.46,,,
8/01/2018,5.58,,,7.47,,0.07,
9/01/2018,7.34,,,6.67,,,
10/01/2018,5.58,,,7.13,,0.10,
11/01/2018,1,,,6.34,,,
12/01/2018,10.70,,,5.80,,,
13/01/2018,5.90,,,8.32,,,
14/01/2018,4.61,,,7.13,,,
15/01/2018,1,,,7.31,,0.03,
16/01/2018,1,,,7.31,,,
17/01/2018,1,,,7.34,,0.16,
18/01/2018,5.91,,,7.28,,,
19/01/2018,14.26,,,7.46,,,
20/01/2018,1,,,7.78,,,
21/01/2018,1,,,7.74,,,
22/01/2018,7.65,,,7.44,,0.06,
23/01/2018,7.39,,,7.26,,,
24/01/2018,4.97,,,7.39,,0.04,
25/01/2018,7.91,,,7.38,,,
26/01/2018,6.44,,,7.34,,,
27/01/2018,8.29,,,7.17,,,
28/01/2018,1.05,,,7.26,,,
29/01/2018,5.73,,,7.27,,0.10,
30/01/2018,1,,,7.26,,,
31/01/2018,7.74,,,7.22,,0.03,
1/02/2018,8.83,,,7.21,,,
2/02/2018,1,,,7.07,,,
3/02/2018,4.20,,,7.12,,,
4/02/2018,6.14,,,6.97,,,
5/02/2018,1,,,7.40,,0.60,
6/02/2018,1,,,7.67,,,
7/02/2018,1,,,7.64,,0.17,
8/02/2018,1,,,7.42,,,
9/02/2018,1,,,7.31,,,
10/02/2018,1,,,7.36,,,
11/02/2018,1,,,7.23,,,
12/02/2018,1,,,7.40,,0.09,
13/02/2018,1,,,7.31,,,
14/02/2018,3.09,,,7.19,,0.15,
15/02/2018,1,,,7.35,,,
16/02/2018,9.22,,,8.04,,,
17/02/2018,7.53,,,6.73,,,
18/02/2018,7.77,,,7.58,,,
19/02/2018,6.74,,,7.27,,0.21,
20/02/2018,1,,,7.50,,,
21/02/2018,7.43,,,7.02,,0.32,
22/02/2018,6.04,,,4.77,,,
23/02/2018,9.61,,,6.70,,,
24/02/2018,8.57,,,7.58,,,
25/02/2018,8.92,,,7.63,,,
26/02/2018,1,,,8.22,,0.08,
27/02/2018,1,,,8.02,,,
28/02/2018,1,,,8.13,,0.06,
1/03/2018,1,,,7.89,,,
2/03/2018,1,,,8.06,,,
3/03/2018,40.59,,,4.43,,,
3/03/2018,42.74,,,6.76,,,
3/03/2018,44.87,,,6.92,,0.18,
4/03/2018,30.04,,,7.70,,,
4/03/2018,43.03,,,7.33,,,
4/03/2018,33.43,,,7.57,,0.06,
5/03/2018,37.54,,,7.55,,0.08,
5/03/2018,35.94,,,7.47,,,
6/03/2018,35.97,,,7.28,,,
7/03/2018,9.32,,,8.38,,0.02,
8/03/2018,9.03,,,7.89,,,
9/03/2018,11.39,,,7.87,,,
10/03/2018,11.29,,,7.27,,,
10/03/2018,4.96,,,4.11,,,
10/03/2018,1,,,,,,
11/03/2018,36.37,,,7.45,,,
11/03/2018,26.71,,,7.64,,,
12/03/2018,23.90,,,8.34,,0.04,
12/03/2018,26.42,,,7.25,,,
13/03/2018,21.23,,,7.59,,,
14/03/2018,10.86,,,8.06,,0.06,
15/03/2018,1,,,7.85,,,
16/03/2018,12.81,,,7.51,,,
17/03/2018,15.02,,,7.16,,,
17/03/2018,13.87,,,7.56,,,
18/03/2018,1,,,7.56,,,
19/03/2018,9.30,,,7.66,,0.14,
20/03/2018,8.56,,,8.50,,,
21/03/2018,8.78,,,7.81,,0.30,
22/03/2018,9.26,,,7.43,,,
23/03/2018,13.63,,,7.07,,,
24/03/2018,8.70,,,7.07,,,
25/03/2018,9.26,,,6.89,,,
26/03/2018,1,,,6.41,,1.42,
27/03/2018,40.07,,,4.17,,,
27/03/2018,31.02,,,5.20,,,
28/03/2018,31.13,,,6.65,,0.58,
28/03/2018,540,,,,,,
29/03/2018,19.52,,,8.03,,,
30/03/2018,18.16,,,8.15,,,
31/03/2018,21.20,,,7.56,,,
1/04/2018,14.08,,,7.82,,,
2/04/2018,7.89,,,7.75,,0.11,
3/04/2018,7.59,,,7.89,,,
4/04/2018,6.16,,,8.00,,0.46,
5/04/2018,6.55,,,7.73,,,
5/04/2018,8.90,,,7.75,,0.26,
6/04/2018,7.68,,,7.62,,,
7/04/2018,30.42,,,6.59,,,
7/04/2018,9.82,,,,,,
8/04/2018,13.02,,,6.96,,,
9/04/2018,16.67,,,6.99,,0.62,
10/04/2018,15.37,,,6.83,,,
11/04/2018,1,,,6.58,,0.89,
12/04/2018,16.62,,,6.43,,,
13/04/2018,18.34,,,6.85,,,
13/04/2018,13.43,,,7.07,,,
14/04/2018,1,,,7.04,,,
15/04/2018,13.85,,,7.24,,,
16/04/2018,8.39,,,8.35,,0.20,
17/04/2018,8.44,,,7.59,,,
18/04/2018,7.30,,,7.94,,0.54,
19/04/2018,8.12,,,7.68,,,
20/04/2018,8.07,,,6.90,,,
21/04/2018,6.19,,,6.89,,,
22/04/2018,6.66,,,7.05,,,
23/04/2018,1,,,7.05,,0.46,
24/04/2018,7.95,,,7.14,,,
24/04/2018,8.65,,,,,,
25/04/2018,6.93,,,6.01,,1.64,
26/04/2018,5.78,,,7.21,,,
27/04/2018,1,,,8.13,,,
27/04/2018,1,,,8.48,,,
28/04/2018,1,,,8.39,,,
29/04/2018,1,,,8.22,,,
29/04/2018,,,,,,0.07,
30/04/2018,1,,,7.62,,0.72,
1/05/2018,5.89,,,6.69,,,
2/05/2018,6.79,,,7.31,,0.18,
3/05/2018,5.31,,,7.08,,,
4/05/2018,1,,,6.18,,,
5/05/2018,1,,,6.12,,,
6/05/2018,6.65,,,7.74,,,
7/05/2018,1,,,7.95,,0.07,
8/05/2018,1,,,7.39,,,
9/05/2018,1,,,7.67,,0.10,
10/05/2018,1,,,8.16,,,
11/05/2018,1,,,7.81,,,
12/05/2018,7.15,,,7.30,,,
13/05/2018,5.15,,,7.10,,,
14/05/2018,8.80,,,7.14,,0.36,
15/05/2018,1,,,7.19,,,
16/05/2018,6.41,,,7.05,,0.37,
17/05/2018,6.94,,,6.87,,,
18/05/2018,6.49,,,6.86,,,
19/05/2018,1,,,6.75,,,
20/05/2018,1,,,6.87,,,
21/05/2018,8.30,,,6.84,,0.72,
22/05/2018,1,,,7.47,,,
23/05/2018,9.86,,,5.54,,0.85,
24/05/2018,9.14,,,7.77,,,
25/05/2018,9.14,,,7.07,,,
26/05/2018,8.81,,,7.02,,,
27/05/2018,10.22,,,7.20,,,
27/05/2018,14.89,,,7.21,,,
28/05/2018,10.12,,,6.93,,0.67,
29/05/2018,10.86,,,6.62,,,
30/05/2018,8.71,,,6.36,,1.10,
31/05/2018,1,,,6.31,,,
1/06/2018,11.04,,,7.06,,,
2/06/2018,1,,,7.17,,,
3/06/2018,6.71,,,6.84,,,
4/06/2018,6.90,,,6.79,,0.71,
5/06/2018,1,,,7.75,,,
6/06/2018,4.00,,,7.68,,0.08,
7/06/2018,7.13,,,7.83,,,
8/06/2018,8.54,,,7.63,,,
9/06/2018,6.71,,,7.21,,,
10/06/2018,3.73,,,7.03,,,
11/06/2018,8.09,,,7.08,,0.26,
12/06/2018,12.79,,,6.84,,,
13/06/2018,6.32,,,7.80,,0.03,
14/06/2018,7.60,,,6.48,,,
15/06/2018,7.09,,,7.00,,,
16/06/2018,8.29,,,7.37,,,
17/06/2018,7.65,,,7.10,,,
18/06/2018,9.11,,,6.99,,0.50,
19/06/2018,8.43,,,6.98,,,
20/06/2018,8.28,,,7.46,,0.09,
21/06/2018,7.91,,,7.26,,,
22/06/2018,9.66,,,7.39,,,
23/06/2018,10.71,,,6.61,,,
24/06/2018,4.15,,,6.79,,,
25/06/2018,6.31,,,6.71,,0.84,
26/06/2018,6.49,,,6.81,,,
27/06/2018,1,,,7.04,,0.13,
28/06/2018,1.08,,,6.97,,,
29/06/2018,8.30,,,7.04,,,
30/06/2018,8.82,,,7.14,,,
1/07/2018,7.88,,,7.22,,,
2/07/2018,8.75,,,7.06,,0.26,
3/07/2018,19.61,,,7.92,,,
3/07/2018,17.21,,,7.96,,,
4/07/2018,9.40,,,7.89,,0.04,
5/07/2018,12.68,,,6.90,,,
6/07/2018,22.36,,,6.71,,,
7/07/2018,10.50,,,7.08,,,
8/07/2018,10.63,,,7.12,,,
9/07/2018,1,,,7.11,,0.29,
10/07/2018,10.94,,,7.17,,,
11/07/2018,11.28,,,6.93,,0.41,
12/07/2018,11.16,,,6.68,,,
13/07/2018,13.56,,,6.56,,,
14/07/2018,15.43,,,6.67,,,
15/07/2018,18.19,,,6.24,,,
15/07/2018,17.44,,,,,,
16/07/2018,22.18,,,6.58,,0.61,
17/07/2018,20.26,,,7.18,,,
17/07/2018,7.98,,,,,,
18/07/2018,6.77,,,7.41,,2.40,
18/07/2018,,,,,,1.66,
19/07/2018,8.45,,,7.08,,,
20/07/2018,7.63,,,7.10,,,
21/07/2018,10.41,,,6.65,,,
22/07/2018,10.30,,,6.69,,,
22/07/2018,7.38,,,6.45,,,
23/07/2018,13.21,,,6.46,,1.44,
24/07/2018,16.29,,,6.65,,,
24/07/2018,7.40,,,6.87,,,
25/07/2018,7.04,,,7.02,,1.73,
26/07/2018,1,,,7.17,,,
27/07/2018,6.57,,,6.54,,,
28/07/2018,10.35,,,7.30,,,
29/07/2018,11.04,,,6.64,,,
30/07/2018,7.43,,,6.89,,0.43,
31/07/2018,7.20,,,6.85,,,
1/08/2018,9.33,,,6.67,,0.73,
2/08/2018,8.12,,,6.76,,,
3/08/2018,8.55,,,7.18,,,
4/08/2018,7.75,,,7.14,,,
5/08/2018,4.03,,,7.07,,,
6/08/2018,8.09,,,6.69,,0.98,
7/08/2018,8.75,,,6.62,,,
8/08/2018,10.50,,,6.49,,0.84,
9/08/2018,8.41,,,7.27,,,
10/08/2018,5.08,,,8.48,,,
11/08/2018,4.19,,,8.29,,,
12/08/2018,7.29,,,8.25,,,
13/08/2018,7.99,,,7.59,,,
14/08/2018,8.28,,,8.24,,,
15/08/2018,7.90,,,8.03,,0.10,
16/08/2018,1,,,8.05,,,
17/08/2018,6.84,,,7.95,,,
18/08/2018,10.76,,,6.09,,,
19/08/2018,9.41,,,6.85,,,
20/08/2018,9.31,,,6.25,,0.93,
21/08/2018,9.72,,,7.49,,,
22/08/2018,7.81,,,7.65,,0.14,
23/08/2018,8.48,,,7.60,,,
24/08/2018,7.13,,,7.81,,,
25/08/2018,9.73,,,7.01,,,
26/08/2018,9.66,,,7.94,,,
27/08/2018,8.33,,,7.88,,0.13,
28/08/2018,6.70,,,8.04,,,
29/08/2018,1,,,7.95,,0.03,
30/08/2018,8.29,,,7.87,,,
31/08/2018,6.79,,,7.76,,,
1/09/2018,7.44,,,7.61,,,
2/09/2018,7.98,,,7.26,,,
3/09/2018,9.30,,,7.81,,0.07,
4/09/2018,1,,,7.77,,,
5/09/2018,1,,,7.89,,1.79,
6/09/2018,6.49,,,7.62,,,
7/09/2018,6.49,,,7.87,,,
8/09/2018,18.35,,,7.81,,,
8/09/2018,2.47,,,7.93,,,
9/09/2018,4.91,,,7.72,,,
10/09/2018,8.21,,,7.74,,0.14,
10/09/2018,,,,,,,
11/09/2018,6.74,,,7.81,,,
12/09/2018,1,,,7.51,,0.04,
13/09/2018,1,,,7.66,,,
14/09/2018,1,,,7.18,,,
15/09/2018,6.71,,,6.96,,,
16/09/2018,5.71,,,6.34,,,
17/09/2018,2.43,,,7.17,,0.31,
18/09/2018,9.47,,,7.29,,,
19/09/2018,1.85,,,7.18,,0.50,
20/09/2018,1,,,7.28,,,
21/09/2018,1,,,7.74,,,
22/09/2018,1,,,7.43,,,
23/09/2018,4.52,,,6.84,,,
24/09/2018,2.65,,,7.53,,0.07,
25/09/2018,1.03,,,6.76,,,
26/09/2018,4.83,,,7.36,,0.17,
27/09/2018,8.92,,,7.18,,,
28/09/2018,8.11,,,7.25,,,
29/09/2018,9.04,,,6.14,,,
30/09/2018,6.95,,,7.21,,,
1/10/2018,2.15,,,7.44,,0.23,
2/10/2018,5.99,,,6.77,,,
3/10/2018,8.06,,,6.76,,0.48,
4/10/2018,6.83,,,6.75,,,
5/10/2018,7.92,,,7.10,,,
6/10/2018,7.58,,,7.30,,,
7/10/2018,5.98,,,7.73,,,
8/10/2018,10.02,,,7.85,,1.28,
9/10/2018,8.05,,,7.98,,,
10/10/2018,1.96,,,7.24,,0.38,
11/10/2018,7.72,,,7.62,,,
12/10/2018,1.21,,,8.35,,,
13/10/2018,1,,,7.73,,,
14/10/2018,7.28,,,8.15,,,
15/10/2018,5.09,,,8.07,,,
16/10/2018,1.03,,,7.58,,,
17/10/2018,1,,,7.51,,0.02,
18/10/2018,5.69,,,7.16,,,
19/10/2018,1,,,7.12,,,
20/10/2018,5.72,,,6.98,,,
21/10/2018,12.61,,,5.88,,,
21/10/2018,13.84,,,,,,
21/10/2018,14.73,,,,,,
22/10/2018,6.46,,,8.48,,0.06,
23/10/2018,5.45,,,7.28,,,
24/10/2018,1,,,7.39,,0.08,
25/10/2018,1.38,,,7.52,,,
26/10/2018,1,,,7.07,,,
27/10/2018,12.44,,,6.22,,,
27/10/2018,9.60,,,,,,
28/10/2018,1,,,5.72,,,
29/10/2018,23.16,,,7.12,,0.07,
29/10/2018,25.83,,,,,,
30/10/2018,17.98,,,7.12,,,
30/10/2018,15.92,,,,,,
31/10/2018,1,,,7.36,,0.02,
1/11/2018,35.09,,,8.50,,,
1/11/2018,50.29,,,7.65,,,
2/11/2018,29.89,,,7.66,,,
2/11/2018,,,,,,0.02,
3/11/2018,1.28,,,6.42,,,
4/11/2018,7.70,,,7.32,,,
5/11/2018,6.64,,,7.71,,0.03,
6/11/2018,6.57,,,7.60,,,
7/11/2018,6.10,,,7.40,,0.03,
8/11/2018,7.11,,,7.51,,,
9/11/2018,5.86,,,7.13,,,
10/11/2018,1.08,,,5.80,,,
11/11/2018,10.77,,,6.79,,,
12/11/2018,5.61,,,7.20,,0.09,
13/11/2018,1,,,7.56,,,
14/11/2018,1,,,7.09,,0.06,
15/11/2018,1,,,7.39,,,
16/11/2018,6.15,,,7.36,,,
17/11/2018,1.76,,,8.10,,,
18/11/2018,4.56,,,6.71,,,
19/11/2018,1,,,6.98,,0.15,
20/11/2018,3.95,,,6.96,,,
21/11/2018,11.41,,,6.55,,0.54,
22/11/2018,12.78,,,6.58,,,
22/11/2018,12.83,,,,,,
23/11/2018,11.92,,,6.97,,,
23/11/2018,1,,,,,,
24/11/2018,11.65,,,7.03,,,
24/11/2018,16.50,,,6.89,,,
25/11/2018,12.22,,,6.87,,,
25/11/2018,13.45,,,7.17,,,
26/11/2018,18.31,,,7.23,,0.11,
27/11/2018,12.85,,,7.15,,,
28/11/2018,1.36,,,7.40,,0.13,
29/11/2018,14.12,,,7.39,,,
30/11/2018,15.04,,,7.43,,,
30/11/2018,15.84,,,,,,
1/12/2018,15.33,,,7.61,,,
1/12/2018,14.96,,,,,,
2/12/2018,14.49,,,,,,
2/12/2018,24.08,,,7.24,,,
2/12/2018,14.56,,,7.54,,,
3/12/2018,16.29,,,7.62,,0.07,
4/12/2018,16.15,,,7.71,,,
5/12/2018,15.37,,,7.78,,,
6/12/2018,9.44,,,7.50,,,
7/12/2018,15.78,,,7.07,,,
8/12/2018,33.12,,,7.09,,,
8/12/2018,12.89,,,,,,
9/12/2018,1,,,7.00,,,
10/12/2018,12.17,,,6.82,,,
10/12/2018,11.54,,,6.94,,,
11/12/2018,12.51,,,6.98,,,
12/12/2018,23.55,,,6.66,,0.75,
13/12/2018,59.75,,,7.10,,,
13/12/2018,,,,,,0.74,
14/12/2018,14.53,,,8.28,,,
15/12/2018,10.66,,,7.81,,,
16/12/2018,10.27,,,7.57,,,
16/12/2018,9.99,,,,,,
17/12/2018,9.31,,,7.56,,0.57,
18/12/2018,8.49,,,7.38,,,
19/12/2018,9.91,,,7.34,,0.25,
20/12/2018,17.70,,,4.40,,,
20/12/2018,19.02,,,,,,
21/12/2018,16.52,,,6.28,,,
22/12/2018,17.80,,,6.92,,,
22/12/2018,18.47,,,,,,
23/12/2018,18.37,,,6.85,,,
23/12/2018,,,,,,0.38,
24/12/2018,18.42,,,7.37,,0.17,
24/12/2018,18.69,,,,,,
25/12/2018,17.62,,,7.51,,,
25/12/2018,9.29,,,7.48,,,
26/12/2018,13.37,,,7.05,,0.52,
26/12/2018,12.47,,,,,,
27/12/2018,17.88,,,4.47,,,
28/12/2018,9.39,,,7.74,,,
28/12/2018,,,,,,0.10,
29/12/2018,8.01,,,8.85,,,
30/12/2018,3.57,,,7.73,,,
31/12/2018,9.75,,,4.65,,2.39,
31/12/2018,,,,6.46,,1.65,
1/01/2019,11.46,,,7.02,,,
1/01/2019,10.58,,,,,,
2/01/2019,11.85,,,6.88,,0.52,
3/01/2019,11.56,,,7.16,,,
3/01/2019,12.30,,,6.39,,,
4/01/2019,14.26,,,6.10,,,
5/01/2019,3.35,,,,,,
5/01/2019,11.41,,,6.30,,,
6/01/2019,19.29,,,6.00,,,
6/01/2019,14.60,,,5.05,,9.87,
6/01/2019,16.17,,,,,2.37,
7/01/2019,13.05,,,8.36,,0.04,
7/01/2019,10.37,,,,,,
8/01/2019,12.52,,,7.91,,,
9/01/2019,15.62,,,7.80,,0.22,
9/01/2019,12.08,,,,,,
10/01/2019,9.15,,,8.11,,,
10/01/2019,12.18,,,,,,
11/01/2019,13.38,,,7.65,,,
12/01/2019,10.20,,,7.07,,,
13/01/2019,10.53,,,6.82,,,
14/01/2019,16.18,,,6.92,,0.73,
15/01/2019,12.60,,,6.59,,,
16/01/2019,8.99,,,6.74,,1.40,
17/01/2019,11.26,,,6.85,,,
17/01/2019,9.10,,,,,0.31,
18/01/2019,12.75,,,7.02,,,
18/01/2019,11.67,,,,,,
19/01/2019,44.55,,,4.00,,,
19/01/2019,50.64,,,7.06,,,
19/01/2019,56.24,,,7.29,,,
20/01/2019,1,,,7.36,,,
21/01/2019,19.27,,,8.08,,0.24,
21/01/2019,9.33,,,,,,
22/01/2019,10.22,,,8.21,,,
23/01/2019,20.31,,,5.22,,2.59,
23/01/2019,36.81,,,,,6.54,
24/01/2019,29.60,,,5.19,,,
24/01/2019,,,,,,2.20,
24/01/2019,21.64,,,7.80,,0.30,
25/01/2019,16.37,,,8.04,,,
25/01/2019,19.24,,,8.06,,0.16,
26/01/2019,22.18,,,7.09,,,
26/01/2019,16.96,,,,,1.29,
27/01/2019,16.08,,,7.07,,,
27/01/2019,,,,,,0.46,
29/01/2019,168,,,3.82,,,
29/01/2019,,,,,,74.70,
29/01/2019,39.19,,,,,,
30/01/2019,30.40,,,,,,
30/01/2019,34.90,,,7.17,,1.53,
30/01/2019,28.25,,,6.93,,1.73,
30/01/2019,26.32,,,,,1.16,
31/01/2019,21.11,,,,,0.92,
31/01/2019,18.11,,,8.12,,,
31/01/2019,,,,,,0.59,
31/01/2019,16.75,,,,,0.45,
1/02/2019,40.98,,,5.90,,,
1/02/2019,16.88,,,7.50,,1.97,
2/02/2019,5.04,,,7.55,,,
2/02/2019,,,,,,0.28,
3/02/2019,1,,,8.41,,,
4/02/2019,8.90,,,7.98,,0.22,
4/02/2019,16.90,,,,,0.31,
5/02/2019,,,,,,0.06,
5/02/2019,18.18,,,8.20,,,
5/02/2019,21.89,,,,,0.02,
5/02/2019,29.60,,,,,0.17,
6/02/2019,10.86,,,8.22,,2.08,
6/02/2019,1,,,8.01,,0.23,
7/02/2019,38.46,,,8.70,,,
7/02/2019,5.04,,,7.94,,0.09,
8/02/2019,2.80,,,8.11,,,
9/02/2019,7.65,,,7.91,,,
9/02/2019,,,,,,0.02,
10/02/2019,3.38,,,7.78,,,
11/02/2019,36.35,,,7.31,,0.16,
11/02/2019,35.85,,,,,,
12/02/2019,31.86,,,5.58,,,
12/02/2019,41.70,,,,,0.80,
12/02/2019,51.28,,,7.92,,0.32,
13/02/2019,13.68,,,8.00,,0.03,
13/02/2019,1,,,7.64,,0.05,
14/02/2019,13.88,,,7.80,,,
14/02/2019,19.37,,,7.75,,,
14/02/2019,29.37,,,7.74,,0.02,
15/02/2019,17.60,,,7.79,,,
16/02/2019,1,,,7.93,,,
16/02/2019,,,,,,0.16,
17/02/2019,5.95,,,7.85,,,
18/02/2019,5.46,,,7.55,,0.02,
19/02/2019,8.24,,,7.69,,,
20/02/2019,31.15,,,5.53,,1.77,
20/02/2019,26.72,,,,,0.02,
21/02/2019,28.16,,,5.27,,,
21/02/2019,33.43,,,,,,
21/02/2019,26.41,,,,,,
22/02/2019,35.48,,,7.58,,,
22/02/2019,24.43,,,,,,
23/02/2019,27.91,,,7.43,,,
23/02/2019,28.60,,,7.38,,0.22,
24/02/2019,33.58,,,7.25,,,
24/02/2019,52.90,,,7.13,,0.57,
25/02/2019,23.04,,,7.67,,0.11,
26/02/2019,25.18,,,7.78,,,
26/02/2019,39.26,,,,,,
27/02/2019,55.00,,,5.34,,2.64,
27/02/2019,45.06,,,,,0.02,
28/02/2019,9.76,,,8.08,,,
1/03/2019,,,,,,0.07,
1/03/2019,4.17,,,7.08,,,
2/03/2019,4.24,,,7.06,,,
3/03/2019,8.23,,,7.18,,,
3/03/2019,,,,,,0.34,
4/03/2019,10.36,,,6.59,,0.68,
5/03/2019,11.20,,,5.81,,,
6/03/2019,12.13,,,5.65,,1.67,
6/03/2019,9.90,,,,,1.77,
7/03/2019,12.43,,,6.78,,,
8/03/2019,10.73,,,7.08,,,
8/03/2019,42.38,,,,,1.26,
9/03/2019,26.77,,,6.88,,,
9/03/2019,28.05,,,7.61,,0.26,
10/03/2019,28.60,,,7.88,,,
10/03/2019,30.37,,,7.57,,0.17,
11/03/2019,11.47,,,8.00,,0.04,
12/03/2019,6.97,,,7.72,,,
13/03/2019,1,,,7.41,,0.12,
14/03/2019,21.30,,,5.73,,,
14/03/2019,9.13,,,,,,
15/03/2019,26.45,,,8.37,,,
15/03/2019,33.58,,,,,,
16/03/2019,32.58,,,8.37,,,
17/03/2019,12.40,,,8.57,,,
17/03/2019,14.94,,,8.46,,0.18,
18/03/2019,7.08,,,7.97,,0.02,
19/03/2019,1,,,7.74,,,
20/03/2019,9.60,,,8.11,,0.19,
21/03/2019,9.72,,,7.88,,,
22/03/2019,9.44,,,7.77,,,
23/03/2019,7.06,,,7.81,,,
24/03/2019,14.07,,,6.15,,,
25/03/2019,19.59,,,8.33,,,
25/03/2019,20.50,,,5.30,,1.02,
25/03/2019,13.96,,,8.20,,,
26/03/2019,21.10,,,8.26,,,
26/03/2019,3.12,,,,,,
27/03/2019,25.12,,,5.14,,0.06,
27/03/2019,25.58,,,8.66,,,
28/03/2019,23.34,,,7.51,,,
28/03/2019,21.94,,,,,,
29/03/2019,12.14,,,8.27,,,
29/03/2019,,,,,,0.05,
29/03/2019,8.57,,,,,,
30/03/2019,7.86,,,5.58,,,
31/03/2019,28.59,,,8.25,,,
31/03/2019,3.29,,,,,0.02,
1/04/2019,5.83,,,8.25,,0.48,
2/04/2019,1,,,8.15,,,
3/04/2019,10.08,,,7.80,,0.11,
4/04/2019,1,,,8.85,,,
5/04/2019,1,,,8.77,,,
6/04/2019,11.52,,,6.60,,,
6/04/2019,10.82,,,5.38,,0.34,
7/04/2019,9.81,,,7.96,,,
8/04/2019,13.24,,,8.21,,0.05,
8/04/2019,23.19,,,,,,
9/04/2019,7.83,,,7.65,,,
10/04/2019,30.24,,,7.34,,0.09,
10/04/2019,27.36,,,,,,
11/04/2019,11.26,,,7.60,,,
12/04/2019,12.04,,,8.14,,,
13/04/2019,10.12,,,7.69,,,
13/04/2019,10.32,,,,,,
14/04/2019,7.71,,,6.60,,,
15/04/2019,1,,,7.29,,0.13,
16/04/2019,1,,,7.72,,,
17/04/2019,1,,,6.84,,,
18/04/2019,18.03,,,8.44,,,
19/04/2019,17.36,,,8.42,,,
20/04/2019,14.40,,,7.41,,,
21/04/2019,11.56,,,8.68,,,
22/04/2019,11.40,,,7.40,,0.04,
23/04/2019,13.42,,,7.67,,,
24/04/2019,69.00,,,8.92,,0.15,
24/04/2019,46.11,,,6.61,,,
25/04/2019,51.86,,,7.09,,,
25/04/2019,76.56,,,,,0.07,
25/04/2019,53.60,,,,,0.06,
26/04/2019,71.29,,,7.91,,,
27/04/2019,39.27,,,7.57,,,
27/04/2019,27.00,,,,,0.07,
28/04/2019,45.41,,,6.75,,,
28/04/2019,,,,,,0.54,
28/04/2019,35.66,,,,,,
29/04/2019,38.64,,,8.45,,0.07,
29/04/2019,41.05,,,8.38,,0.21,
30/04/2019,34.42,,,7.64,,,
1/05/2019,43.72,,,5.95,,1.98,
1/05/2019,27.05,,,,,0.02,
2/05/2019,19.68,,,6.26,,,
3/05/2019,16.28,,,5.93,,,
3/05/2019,16.83,,,,,,
4/05/2019,14.82,,,6.21,,,
4/05/2019,21.37,,,,,,
5/05/2019,21.38,,,5.68,,,
6/05/2019,16.29,,,7.69,,5.00,
7/05/2019,17.13,,,6.34,,,
7/05/2019,1,,,,,0.33,
8/05/2019,18.47,,,6.09,,0.42,
9/05/2019,15.79,,,5.89,,,
9/05/2019,,,,,,,
10/05/2019,14.62,,,9.08,,,
10/05/2019,13.96,,,8.87,,0.02,
11/05/2019,14.21,,,8.58,,,
12/05/2019,1.07,,,7.89,,,
13/05/2019,10.20,,,5.87,,0.49,
14/05/2019,9.98,,,6.62,,,
15/05/2019,13.92,,,7.74,,0.06,
16/05/2019,2.45,,,8.62,,,
17/05/2019,10.92,,,7.79,,,
18/05/2019,9.54,,,6.41,,,
19/05/2019,6.40,,,7.74,,,
20/05/2019,30.55,,,6.06,,,
20/05/2019,41.12,,,,,,
21/05/2019,,,,,,0.24,
21/05/2019,19.87,,,6.43,,,
22/05/2019,29.18,,,7.94,,0.02,
23/05/2019,38.26,,,5.96,,,
24/05/2019,28.39,,,7.61,,,
24/05/2019,,,,,,0.02,
24/05/2019,27.34,,,,,3.72,
25/05/2019,34.33,,,6.55,,,
25/05/2019,46.33,,,,,0.37,
26/05/2019,40.83,,,6.17,,,
26/05/2019,,,,,,0.65,
26/05/2019,34.52,,,,,,
27/05/2019,12.80,,,8.51,,0.02,
27/05/2019,8.15,,,,,,
28/05/2019,9.70,,,6.20,,,
29/05/2019,12.73,,,6.34,,0.27,
29/05/2019,13.63,,,,,,
30/05/2019,10.18,,,7.44,,,
31/05/2019,9.00,,,6.80,,,
1/06/2019,72.01,,,4.78,,,
1/06/2019,,,,,,1.88,
1/06/2019,44.78,,,,,0.11,
2/06/2019,34.71,,,6.65,,,
2/06/2019,45.82,,,,,0.45,
3/06/2019,66.21,,,8.03,,0.17,
3/06/2019,,,,,,0.17,
3/06/2019,44.41,,,,,,
4/06/2019,48.51,,,6.79,,,
5/06/2019,17.14,,,8.17,,0.04,
5/06/2019,14.27,,,,,0.27,
6/06/2019,8.31,,,6.83,,,
7/06/2019,6.88,,,6.25,,,
7/06/2019,,,,,,0.28,
8/06/2019,6.84,,,6.28,,,
9/06/2019,7.47,,,6.98,,,
10/06/2019,54.25,,,5.53,,0.73,
10/06/2019,42.18,,,,,0.29,
11/06/2019,37.73,,,5.30,,,
11/06/2019,,,,,,0.97,
11/06/2019,42.81,,,,,0.72,
12/06/2019,34.39,,,6.10,,0.59,
13/06/2019,25.93,,,5.92,,,
14/06/2019,,,,,,0.39,
14/06/2019,26.97,,,6.26,,,
15/06/2019,22.79,,,6.97,,,
15/06/2019,,,,,,0.15,
16/06/2019,16.22,,,7.35,,,
16/06/2019,,,,,,0.09,
16/06/2019,29.35,,,,,0.22,
17/06/2019,,,,,,0.48,
17/06/2019,26.97,,,6.64,,0.48,
17/06/2019,24.45,,,,,0.19,
18/06/2019,25.59,,,6.31,,,
19/06/2019,36.23,,,5.70,,0.61,
20/06/2019,21.77,,,7.82,,,
21/06/2019,23.96,,,6.56,,,
22/06/2019,16.36,,,6.92,,,
22/06/2019,,,,,,0.41,
23/06/2019,23.39,,,7.38,,,
24/06/2019,23.95,,,6.46,,0.25,
25/06/2019,11.75,,,6.08,,,
26/06/2019,12.64,,,6.68,,0.32,
27/06/2019,13.50,,,7.26,,,
28/06/2019,9.97,,,6.80,,,
29/06/2019,9.01,,,7.06,,,
30/06/2019,11.37,,,7.05,,,
1/07/2019,20.42,,,5.72,,0.78,
1/07/2019,,,,,,0.02,
1/07/2019,20.83,,,7.80,,0.33,
2/07/2019,22.77,,,5.77,,,
2/07/2019,,,,,,0.82,
3/07/2019,18.92,,,8.12,,0.02,
4/07/2019,25.48,,,5.43,,,
5/07/2019,,,,,,,
5/07/2019,11.88,,,8.20,,,
6/07/2019,7.72,,,7.75,,,
7/07/2019,8.75,,,6.74,,,
8/07/2019,7.34,,,7.36,,0.12,
9/07/2019,13.63,,,5.03,,,
10/07/2019,16.32,,,5.50,,0.24,
10/07/2019,,,,,,0.24,
11/07/2019,18.78,,,6.77,,,
12/07/2019,17.66,,,6.58,,,
12/07/2019,,,,,,0.32,
13/07/2019,16.52,,,8.49,,,
13/07/2019,11.99,,,,,0.04,
14/07/2019,11.38,,,7.72,,,
14/07/2019,,,,,,0.06,
15/07/2019,10.90,,,7.21,,0.05,
15/07/2019,,,,,,0.23,
16/07/2019,10.16,,,7.55,,,
16/07/2019,,,,,,0.10,
17/07/2019,8.93,,,7.01,,0.15,
18/07/2019,12.18,,,4.96,,,
18/07/2019,,,,,,1.73,
18/07/2019,8.73,,,,,1.24,
19/07/2019,12.88,,,5.71,,,
19/07/2019,,,,,,0.77,
20/07/2019,6.16,,,5.92,,,
20/07/2019,,,,,,0.76,
21/07/2019,10.28,,,7.16,,,
21/07/2019,,,,,,0.16,
21/07/2019,8.83,,,,,,
22/07/2019,9.56,,,7.16,,0.15,
22/07/2019,,,,,,0.15,
23/07/2019,9.33,,,7.07,,,
23/07/2019,,,,,,0.17,
24/07/2019,60.94,,,7.33,,6.60,
24/07/2019,66.34,,,,,14.20,
24/07/2019,39.64,,,,,7.80,
25/07/2019,9.33,,,7.98,,,
25/07/2019,,,,,,21.50,
25/07/2019,6.22,,,8.35,,1.68,
25/07/2019,1,,,,,0.40,
26/07/2019,,,,,,,
26/07/2019,17.07,,,7.24,,,
26/07/2019,,,,,,0.40,
27/07/2019,9.47,,,5.97,,,
28/07/2019,5.28,,,7.85,,,
28/07/2019,,,,,,1.42,
28/07/2019,1,,,,,0.27,
29/07/2019,1,,,7.43,,1.10,
29/07/2019,1,,,,,,
30/07/2019,1,,,7.69,,,
30/07/2019,,,,,,0.18,
31/07/2019,1,,,6.13,,1.32,
1/08/2019,5.94,,,6.65,,,
1/08/2019,,,,,,0.30,
2/08/2019,6.65,,,6.22,,,
2/08/2019,,,,,,0.16,
3/08/2019,1,,,6.80,,,
3/08/2019,,,,,,0.02,
4/08/2019,1.25,,,6.43,,,
4/08/2019,,,,,,0.81,
5/08/2019,6.63,,,6.59,,0.44,
5/08/2019,,,,,,0.44,
6/08/2019,1,,,7.26,,,
6/08/2019,,,,,,0.25,
26/08/2019,28.57,,,5.07,,2.43,
26/08/2019,,,,,,2.43,
26/08/2019,20.59,,,4.64,,6.33,
26/08/2019,18.79,,,5.30,,6.81,
27/08/2019,7.26,,,6.47,,,
27/08/2019,,,,,,3.72,
28/08/2019,1,,,7.76,,2.49,
28/08/2019,1,,,8.96,,1.49,
29/08/2019,,,,,,0.20,
29/08/2019,1,,,9.27,,,
29/08/2019,,,,,,1.18,
30/08/2019,1,,,8.17,,,
30/08/2019,,,,,,0.27,
31/08/2019,8.56,,,7.78,,,
31/08/2019,,,,,,0.30,
1/09/2019,1.47,,,7.84,,,
1/09/2019,,,,,,0.73,
2/09/2019,7.51,,,7.50,,0.22,
3/09/2019,6.85,,,6.85,,,
3/09/2019,,,,,,1.28,
3/09/2019,,,,,,2.10,
4/09/2019,7.18,,,6.97,,3.72,
4/09/2019,8.57,,,4.79,,20.61,
5/09/2019,8.51,,,5.60,,,
5/09/2019,,,,,,4.02,
5/09/2019,,,,,,4.02,
5/09/2019,7.59,,,,,3.65,
6/09/2019,7.47,,,6.14,,,
7/09/2019,12.11,,,6.89,,,
7/09/2019,,,,,,3.03,
7/09/2019,2.41,,,,,3.60,
8/09/2019,6.01,,,7.19,,,
8/09/2019,,,,,,1.09,
9/09/2019,5.86,,,8.53,,0.11,
10/09/2019,5.85,,,7.84,,,
10/09/2019,,,,,,0.33,
11/09/2019,1,,,7.23,,0.60,
12/09/2019,5.85,,,8.23,,,
13/09/2019,1,,,7.12,,,
13/09/2019,,,,,,0.75,
14/09/2019,1.99,,,8.66,,,
14/09/2019,,,,,,0.95,
15/09/2019,2.07,,,7.04,,,
15/09/2019,,,,,,0.86,
16/09/2019,1,,,8.01,,0.38,
17/09/2019,1,,,7.80,,,
17/09/2019,,,,,,0.46,
18/09/2019,3.29,,,7.14,,1.06,
19/09/2019,,,,,,2.16,
19/09/2019,2.70,,,5.63,,,
20/09/2019,1,,,6.50,,,
20/09/2019,,,,,,1.37,
21/09/2019,5.31,,,6.84,,,
21/09/2019,,,,,,0.84,
22/09/2019,3.01,,,7.16,,,
23/09/2019,29.27,,,7.19,,0.77,
23/09/2019,,,,,,0.77,
23/09/2019,12.26,,,,,0.02,
24/09/2019,10.70,,,8.61,,,
24/09/2019,,,,,,0.12,
25/09/2019,7.68,,,8.44,,0.74,
26/09/2019,7.28,,,6.04,,,
27/09/2019,7.26,,,8.42,,,
28/09/2019,4.95,,,7.63,,,
28/09/2019,,,,,,2.98,
28/09/2019,1.10,,,,,0.13,
29/09/2019,1,,,8.18,,,
30/09/2019,6.99,,,8.39,,0.44,
1/10/2019,1,,,8.44,,,
1/10/2019,,,,,,0.33,
2/10/2019,1,,,8.35,,0.53,
3/10/2019,1,,,6.91,,,
3/10/2019,,,,,,0.55,
4/10/2019,1,,,6.76,,,
4/10/2019,,,,,,0.76,
5/10/2019,1,,,7.13,,,
5/10/2019,,,,,,0.62,
6/10/2019,1,,,8.02,,,
6/10/2019,1,,,8.02,,0.53,
7/10/2019,1,,,8.03,,1.47,
7/10/2019,,,,,,0.44,
8/10/2019,1,,,6.99,,,
9/10/2019,6.14,,,7.34,,0.52,
10/10/2019,1,,,6.89,,,
10/10/2019,,,,,,0.57,
11/10/2019,6.15,,,7.64,,,
12/10/2019,1,,,6.92,,,
12/10/2019,,,,,,0.28,
13/10/2019,1,,,7.03,,,
13/10/2019,,,,,,0.32,
14/10/2019,7.24,,,7.24,,0.64,
15/10/2019,1,,,7.29,,,
15/10/2019,,,,,,0.52,
16/10/2019,1,,,6.90,,0.50,
17/10/2019,1.14,,,8.08,,,
17/10/2019,,,,,,0.59,
18/10/2019,2.53,,,7.71,,,
19/10/2019,1,,,7.81,,,
19/10/2019,,,,,,1.28,
19/10/2019,,,,,,0.22,
20/10/2019,1.76,,,7.19,,,
21/10/2019,1.30,,,7.58,,0.41,
22/10/2019,8.60,,,7.84,,,
22/10/2019,,,,,,0.33,
23/10/2019,1,,,7.13,,0.32,
24/10/2019,1.64,,,7.75,,,
25/10/2019,1.49,,,7.81,,,
26/10/2019,2.61,,,7.65,,,
27/10/2019,1,,,7.29,,,
28/10/2019,4.39,,,7.61,,0.30,
29/10/2019,5.77,,,7.71,,,
29/10/2019,,,,,,0.43,
30/10/2019,1,,,7.27,,0.61,
31/10/2019,6.03,,,7.42,,,
1/11/2019,6.81,,,6.50,,,
2/11/2019,6.60,,,7.80,,,
3/11/2019,26.45,,,4.92,,,
3/11/2019,29.38,,,6.04,,1.71,
4/11/2019,16.70,,,,,0.70,
4/11/2019,19.40,,,7.47,,0.24,
4/11/2019,2.64,,,5.64,,1.83,
5/11/2019,10.82,,,7.22,,,
6/11/2019,7.61,,,7.55,,0.62,
7/11/2019,6.51,,,7.48,,,
8/11/2019,1,,,7.30,,,
9/11/2019,7.31,,,7.39,,,
10/11/2019,3.01,,,7.25,,,
11/11/2019,1,,,6.90,,0.02,
13/11/2019,1,,,7.01,,0.50,
13/11/2019,,,,,,0.50,
14/11/2019,1,,,7.16,,,
15/11/2019,,,,,,0.19,
15/11/2019,1,,,7.90,,,
16/11/2019,43.68,,,6.63,,,
16/11/2019,31.82,,,3.83,,8.58,
17/11/2019,20.53,,,9.56,,,
17/11/2019,,,,,,0.28,
17/11/2019,27.88,,,9.46,,0.02,
18/11/2019,15.29,,,4.80,,3.66,
18/11/2019,10.93,,,,,0.16,
19/11/2019,7.28,,,7.45,,,
20/11/2019,9.37,,,7.18,,0.36,
21/11/2019,1,,,5.77,,,
21/11/2019,,,,,,0.83,
22/11/2019,8.80,,,7.96,,,
23/11/2019,2.40,,,8.37,,,
23/11/2019,19.80,,,6.37,,0.70,
24/11/2019,21.52,,,5.24,,,
24/11/2019,24.78,,,6.22,,0.45,
25/11/2019,19.24,,,7.92,,0.41,
25/11/2019,16.60,,,6.83,,0.64,
26/11/2019,18.34,,,7.26,,0.36,
27/11/2019,20.55,,,8.01,,0.65,
27/11/2019,22.14,,,5.99,,0.62,
28/11/2019,19.04,,,7.19,,,
28/11/2019,27.66,,,7.05,,0.07,
29/11/2019,14.83,,,8.02,,,
30/11/2019,1,,,7.71,,,
1/12/2019,16.68,,,7.79,,,
1/12/2019,18.61,,,5.67,,0.84,
2/12/2019,26.57,,,5.74,,0.64,
3/12/2019,18.70,,,7.44,,,
4/12/2019,14.74,,,7.30,,0.66,
5/12/2019,11.17,,,7.14,,,
6/12/2019,1,,,8.64,,,
7/12/2019,1,,,7.76,,,
8/12/2019,1,,,7.71,,,
9/12/2019,1.02,,,7.73,,0.55,
9/12/2019,2.03,,,7.57,,0.32,
10/12/2019,1,,,7.51,,,
11/12/2019,1,,,7.00,,2.61,
11/12/2019,1,,,,,0.31,
12/12/2019,5.33,,,7.02,,,
13/12/2019,6.56,,,8.27,,,
13/12/2019,,,,,,0.30,
14/12/2019,6.76,,,7.11,,,
15/12/2019,6.58,,,6.32,,,
16/12/2019,15.08,,,7.47,,0.86,
17/12/2019,20.94,,,7.70,,,
17/12/2019,,,,,,0.82,
17/12/2019,7.20,,,6.00,,,
18/12/2019,14.07,,,8.13,,0.85,
18/12/2019,21.16,,,5.77,,,
19/12/2019,25.49,,,6.80,,,
19/12/2019,,,,,,0.83,
20/12/2019,8.13,,,6.45,,,
20/12/2019,,,,,,0.61,
21/12/2019,7.92,,,6.57,,,
22/12/2019,7.64,,,7.86,,,
23/12/2019,8.04,,,7.34,,0.38,
24/12/2019,7.92,,,7.45,,,
25/12/2019,8.92,,,6.83,,0.51,
26/12/2019,7.34,,,7.32,,,
27/12/2019,7.33,,,8.01,,,
28/12/2019,10.60,,,5.97,,,
28/12/2019,9.63,,,,,,
29/12/2019,1.59,,,6.48,,,
30/12/2019,1,,,6.87,,0.81,
31/12/2019,6.59,,,6.27,,,
1/01/2020,1.71,,,7.87,,1.22,
2/01/2020,7.23,,,8.22,,,
3/01/2020,1,,,8.68,,,
4/01/2020,1,,,7.37,,,
5/01/2020,1.09,,,8.25,,,
6/01/2020,1,,,8.01,,0.32,
7/01/2020,1,,,7.87,,,
8/01/2020,8.92,,,6.88,,0.40,
9/01/2020,13.41,,,6.28,,,
9/01/2020,,,,,,1.48,
10/01/2020,1,,,7.78,,,
11/01/2020,1,,,7.13,,,
12/01/2020,4.19,,,6.99,,,
13/01/2020,7.44,,,5.62,,1.28,
14/01/2020,6.48,,,8.76,,,
15/01/2020,6.10,,,8.08,,0.74,
16/01/2020,7.89,,,8.76,,,
17/01/2020,1,,,8.47,,,
18/01/2020,1,,,8.40,,,
18/01/2020,1,,,7.67,,0.14,
19/01/2020,5.52,,,7.62,,,
20/01/2020,8.14,,,7.10,,0.26,
21/01/2020,9.18,,,7.05,,,
22/01/2020,10.33,,,4.96,,4.24,
22/01/2020,2.60,,,7.39,,0.86,
23/01/2020,5.68,,,8.15,,,
24/01/2020,8.65,,,7.13,,,
25/01/2020,9.63,,,6.93,,,
26/01/2020,9.09,,,8.82,,,
27/01/2020,10.98,,,7.43,,0.59,
28/01/2020,12.96,,,7.05,,,
29/01/2020,11.98,,,6.14,,0.73,
30/01/2020,10.82,,,6.12,,,
31/01/2020,11.84,,,6.62,,,
1/02/2020,10.36,,,7.70,,,
2/02/2020,10.49,,,7.37,,,
3/02/2020,12.73,,,5.68,,1.19,
4/02/2020,12.26,,,5.95,,,
4/02/2020,,,,,,0.58,
5/02/2020,6.79,,,9.34,,0.08,
6/02/2020,1,,,8.05,,,
7/02/2020,1,,,7.77,,,
8/02/2020,1,,,7.81,,,
9/02/2020,9.95,,,5.92,,,
9/02/2020,,,,,,0.88,
10/02/2020,1.31,,,7.12,,0.28,
11/02/2020,7.86,,,7.26,,,
12/02/2020,8.19,,,6.61,,0.30,
13/02/2020,10.38,,,6.92,,,
14/02/2020,7.51,,,6.13,,,
15/02/2020,8.17,,,6.72,,,
16/02/2020,9.76,,,7.39,,,
17/02/2020,7.88,,,6.89,,0.36,
18/02/2020,20.76,,,6.65,,,
18/02/2020,21.63,,,6.02,,1.16,
19/02/2020,6.69,,,6.38,,0.21,
20/02/2020,7.16,,,5.85,,,
21/02/2020,6.10,,,6.73,,,
21/02/2020,,,,,,1.38,
22/02/2020,2.30,,,6.25,,,
23/02/2020,4.91,,,5.06,,,
24/02/2020,5.88,,,7.50,,0.28,
25/02/2020,1,,,6.42,,,
26/02/2020,6.18,,,6.50,,0.41,
27/02/2020,1,,,5.78,,,
27/02/2020,4.61,,,,,1.96,
28/02/2020,5.07,,,5.82,,,
28/02/2020,,,,,,1.16,
28/02/2020,1,,,,,0.56,
29/02/2020,1.24,,,6.53,,,
1/03/2020,2.97,,,8.30,,,
2/03/2020,1,,,7.13,,0.21,
3/03/2020,1,,,7.03,,,
4/03/2020,1,,,8.07,,0.22,
5/03/2020,4.63,,,7.99,,,
6/03/2020,7.70,,,7.05,,,
7/03/2020,5.35,,,8.25,,,
8/03/2020,2.23,,,7.05,,,
9/03/2020,1,,,8.02,,0.41,
10/03/2020,7.84,,,6.43,,,
11/03/2020,1,,,8.87,,0.10,
12/03/2020,7.08,,,7.68,,,
13/03/2020,1.68,,,8.02,,,
14/03/2020,1,,,6.94,,,
15/03/2020,1,,,7.37,,,
16/03/2020,6.44,,,7.34,,0.48,
17/03/2020,1,,,7.26,,,
18/03/2020,6.39,,,6.71,,0.87,
18/03/2020,9.52,,,4.61,,0.33,
19/03/2020,8.18,,,5.61,,,
19/03/2020,,,,,,3.82,
19/03/2020,,,,,,0.67,
20/03/2020,7.34,,,6.78,,,
21/03/2020,6.03,,,8.57,,,
22/03/2020,6.98,,,7.10,,,
23/03/2020,1,,,7.24,,0.52,
24/03/2020,1,,,6.93,,,
25/03/2020,1,,,6.35,,0.24,
26/03/2020,11.40,,,4.98,,,
26/03/2020,,,,,,4.42,
26/03/2020,,,,,,1.29,
27/03/2020,8.43,,,6.78,,,
27/03/2020,,,,,,0.48,
28/03/2020,7.21,,,5.75,,,
28/03/2020,9.57,,,9.20,,0.18,
29/03/2020,2.98,,,8.27,,,
30/03/2020,1,,,8.15,,0.12,
31/03/2020,1,,,7.79,,,
1/04/2020,7.38,,,5.54,,2.38,
1/04/2020,,,,,,0.70,
2/04/2020,1,,,6.75,,,
3/04/2020,1,,,6.25,,,
4/04/2020,1,,,7.59,,,
5/04/2020,1,,,7.75,,,
6/04/2020,1,,,7.39,,0.39,
7/04/2020,2.59,,,6.31,,,
8/04/2020,1,,,8.05,,0.10,
9/04/2020,1,,,7.74,,,
10/04/2020,5.13,,,7.76,,,
11/04/2020,1,,,7.28,,,
11/04/2020,2.90,,,8.41,,,
12/04/2020,1,,,5.86,,,
13/04/2020,1,,,6.46,,0.72,
14/04/2020,1,,,7.64,,,
15/04/2020,1,,,7.40,,0.33,
16/04/2020,1,,,6.75,,,
17/04/2020,1,,,7.30,,,
18/04/2020,2.41,,,6.72,,,
19/04/2020,1,,,6.12,,,
20/04/2020,1,,,7.49,,0.44,
21/04/2020,1,,,7.23,,,
22/04/2020,1,,,6.91,,0.41,
23/04/2020,1,,,8.71,,,
24/04/2020,1,,,8.48,,,
25/04/2020,1,,,8.31,,,
26/04/2020,1.86,,,8.26,,,
27/04/2020,1,,,8.47,,0.73,
28/04/2020,1,,,6.64,,,
29/04/2020,1,,,7.42,,0.46,
30/04/2020,1,,,6.30,,,
1/05/2020,1,,,6.23,,,
2/05/2020,6.59,,,7.04,,,
3/05/2020,1,,,7.07,,,
4/05/2020,1,,,7.00,,0.74,
5/05/2020,1,,,8.38,,,
6/05/2020,1.52,,,8.04,,0.30,
7/05/2020,1,,,7.57,,,
7/05/2020,,,,,,0.35,
8/05/2020,1,,,6.51,,,
9/05/2020,1,,,6.81,,,
10/05/2020,1,,,6.94,,,
11/05/2020,1,,,6.46,,0.79,
12/05/2020,1,,,7.19,,,
13/05/2020,7.84,,,6.26,,0.54,
14/05/2020,1,,,7.11,,,
15/05/2020,1,,,6.94,,,
16/05/2020,1.74,,,8.02,,,
17/05/2020,5.79,,,7.54,,,
18/05/2020,1,,,6.91,,0.02,
19/05/2020,1,,,6.65,,,
19/05/2020,,,,,,2.07,
19/05/2020,,,,,,0.47,
20/05/2020,1,,,6.00,,0.43,
21/05/2020,1.20,,,6.99,,,
22/05/2020,1,,,6.16,,,
23/05/2020,1.69,,,8.68,,,
24/05/2020,1.97,,,6.14,,,
25/05/2020,1,,,6.22,,0.59,
26/05/2020,1,,,6.52,,,
27/05/2020,1,,,5.94,,0.93,
28/05/2020,1,,,6.60,,,
29/05/2020,3.11,,,6.83,,,
30/05/2020,5.32,,,7.58,,,
31/05/2020,1,,,7.58,,,
1/06/2020,1,,,6.78,,0.52,
2/06/2020,1,,,7.31,,,
3/06/2020,1,,,8.56,,1.50,
3/06/2020,,,,5.91,,0.91,
4/06/2020,1,,,7.41,,,
5/06/2020,1,,,6.97,,,
6/06/2020,1,,,8.51,,,
7/06/2020,1,,,7.60,,,
8/06/2020,1,,,7.93,,0.30,
9/06/2020,1,,,8.38,,,
10/06/2020,1,,,8.47,,1.14,
10/06/2020,,,,,,1.77,
11/06/2020,1,,,7.03,,,
11/06/2020,,,,,,2.22,
11/06/2020,,,,7.41,,0.36,
12/06/2020,1,,,6.57,,,
13/06/2020,1,,,6.19,,,
14/06/2020,1,,,6.36,,,
15/06/2020,1,,,8.71,,0.98,
16/06/2020,1,,,7.72,,,
17/06/2020,1,,,7.12,,0.64,
18/06/2020,6.41,,,7.47,,,
19/06/2020,1,,,7.27,,,
20/06/2020,2.24,,,7.25,,,
21/06/2020,2.84,,,5.20,,,
22/06/2020,1,,,8.17,,0.48,
23/06/2020,1.26,,,8.49,,,
24/06/2020,1,,,8.06,,0.25,
25/06/2020,1,,,8.14,,,
26/06/2020,1.49,,,7.38,,,
27/06/2020,1,,,6.81,,,
28/06/2020,1,,,7.92,,,
29/06/2020,1,,,7.45,,0.36,
30/06/2020,,,,,,0.25,
30/06/2020,1,,,7.16,,,
1/07/2020,1.94,,,8.00,,0.25,
2/07/2020,1,,,7.81,,,
3/07/2020,7.13,,,5.95,,,
4/07/2020,1,,,6.55,,,
5/07/2020,1.20,,,5.29,,,
6/07/2020,1,,,7.47,,0.60,
7/07/2020,1,,,7.87,,,
8/07/2020,4.27,,,7.06,,0.57,
9/07/2020,1,,,7.84,,,
10/07/2020,1,,,7.67,,,
11/07/2020,1.19,,,6.31,,,
12/07/2020,2.35,,,7.63,,,
13/07/2020,1.78,,,7.32,,0.36,
14/07/2020,3.28,,,6.61,,,
15/07/2020,2.75,,,8.30,,0.05,
16/07/2020,1,,,6.71,,,
17/07/2020,1,,,6.86,,,
18/07/2020,1.12,,,8.54,,,
19/07/2020,1,,,8.30,,,
20/07/2020,1,,,6.72,,0.42,
21/07/2020,1,,,7.63,,,
22/07/2020,1,,,7.21,,0.72,
23/07/2020,6.56,,,7.11,,,
24/07/2020,1.03,,,6.77,,,
25/07/2020,21.66,,,7.78,,,
26/07/2020,1,,,6.19,,,
27/07/2020,1,,,6.63,,,
28/07/2020,1,,,6.67,,,
29/07/2020,8.14,,,8.10,,0.38,
30/07/2020,6.57,,,7.01,,,
31/07/2020,7.25,,,7.45,,,
1/08/2020,17.19,,,6.62,,,
1/08/2020,1,,,,,,
2/08/2020,1,,,5.44,,,
3/08/2020,6.87,,,6.71,,0.66,
4/08/2020,1,,,7.35,,,
5/08/2020,6.97,,,6.88,,0.42,
6/08/2020,1,,,6.83,,,
7/08/2020,1.59,,,7.64,,,
8/08/2020,1,,,6.90,,,
9/08/2020,1,,,7.83,,,
10/08/2020,6.82,,,6.90,,0.48,
11/08/2020,1,,,7.36,,,
12/08/2020,1,,,8.02,,0.43,
13/08/2020,6.67,,,7.38,,,
14/08/2020,5.95,,,7.45,,,
15/08/2020,6.37,,,5.71,,,
16/08/2020,1,,,7.89,,,
17/08/2020,1,,,8.40,,0.62,
18/08/2020,1,,,8.43,,,
18/08/2020,1,,,,,,
19/08/2020,1,,,7.03,,0.16,
20/08/2020,5.49,,,7.52,,,
21/08/2020,7.27,,,5.71,,,
22/08/2020,1,,,6.73,,,
23/08/2020,1.23,,,7.60,,,
24/08/2020,1,,,7.99,,0.58,
25/08/2020,1,,,7.32,,,
26/08/2020,1,,,7.53,,0.38,
27/08/2020,1,,,8.58,,,
28/08/2020,7.57,,,6.67,,,
29/08/2020,1,,,7.71,,,
30/08/2020,2.37,,,6.83,,,
31/08/2020,4.48,,,6.56,,0.43,
1/09/2020,6.46,,,7.04,,,
2/09/2020,6.70,,,8.24,,0.46,
3/09/2020,8.28,,,7.90,,,
4/09/2020,1,,,8.05,,,
5/09/2020,1,,,8.00,,,
6/09/2020,1.37,,,7.17,,,
7/09/2020,1,,,7.28,,,
8/09/2020,7.22,,,7.51,,,
9/09/2020,8.10,,,6.85,,0.59,
10/09/2020,1,,,7.46,,,
11/09/2020,8.30,,,6.38,,,
12/09/2020,1.55,,,7.99,,,
13/09/2020,8.47,,,5.40,,,
14/09/2020,8.19,,,6.40,,0.81,
15/09/2020,8.21,,,7.69,,,
16/09/2020,6.28,,,7.88,,0.64,
17/09/2020,1,,,6.66,,,
18/09/2020,6.01,,,7.23,,,
19/09/2020,1,,,7.99,,,
20/09/2020,7.08,,,5.80,,,
21/09/2020,6.19,,,6.22,,0.17,
22/09/2020,3.81,,,7.60,,,
23/09/2020,2.04,,,6.29,,0.06,
24/09/2020,10.45,,,5.33,,,
24/09/2020,1,,,5.39,,0.09,
25/09/2020,8.62,,,7.04,,,
26/09/2020,1,,,7.40,,,
27/09/2020,1.12,,,6.85,,,
28/09/2020,11.32,,,9.00,,0.89,
29/09/2020,7.04,,,6.75,,,
30/09/2020,1,,,8.79,,0.65,
1/10/2020,1,,,7.65,,,
2/10/2020,7.70,,,5.79,,,
3/10/2020,1.91,,,5.79,,,
4/10/2020,7.06,,,6.19,,,
5/10/2020,6.65,,,6.82,,0.47,
6/10/2020,1,,,6.94,,,
7/10/2020,1,,,7.21,,0.42,
8/10/2020,7.03,,,7.26,,,
9/10/2020,9.11,,,7.01,,,
10/10/2020,5.29,,,5.53,,,
11/10/2020,7.70,,,6.68,,,
12/10/2020,8.82,,,6.81,,0.53,
13/10/2020,7.03,,,7.06,,,
14/10/2020,7.26,,,7.08,,0.40,
15/10/2020,7.67,,,6.72,,,
16/10/2020,9.44,,,6.98,,,
17/10/2020,2.16,,,7.47,,,
18/10/2020,2.67,,,6.33,,,
19/10/2020,9.05,,,7.08,,0.91,
20/10/2020,7.07,,,7.88,,,
21/10/2020,8.56,,,7.15,,0.16,
22/10/2020,9.10,,,7.33,,,
23/10/2020,9.87,,,5.91,,,
24/10/2020,1.26,,,6.10,,,
25/10/2020,3.12,,,6.28,,,
26/10/2020,9.88,,,6.31,,0.51,
27/10/2020,9.73,,,6.04,,,
28/10/2020,7.44,,,6.99,,0.35,
29/10/2020,8.33,,,6.92,,,
30/10/2020,10.23,,,7.49,,,
31/10/2020,1,,,6.06,,,
1/11/2020,10.94,,,8.88,,,
1/11/2020,22.64,,,4.62,,,
2/11/2020,14.40,,,7.68,,0.37,
2/11/2020,14.28,,,,,,
3/11/2020,14.16,,,7.82,,,
3/11/2020,18.30,,,,,,
4/11/2020,15.42,,,7.78,,0.04,
5/11/2020,10.60,,,6.83,,,
6/11/2020,8.66,,,6.44,,,
7/11/2020,1,,,7.24,,,
8/11/2020,10.21,,,8.58,,,
9/11/2020,10.52,,,7.42,,0.11,
10/11/2020,9.33,,,7.72,,,
11/11/2020,8.45,,,6.53,,0.38,
12/11/2020,8.98,,,8.06,,,
13/11/2020,8.95,,,5.82,,,
14/11/2020,1.02,,,6.11,,,
15/11/2020,2.87,,,6.14,,,
16/11/2020,1,,,6.26,,0.37,
17/11/2020,1,,,7.18,,,
18/11/2020,2.51,,,7.99,,0.07,
19/11/2020,6.56,,,6.58,,,
20/11/2020,1,,,6.58,,,
21/11/2020,6.14,,,6.59,,,
22/11/2020,6.56,,,6.55,,,
23/11/2020,7.33,,,7.72,,0.34,
25/11/2020,9.15,,,7.43,,0.33,
26/11/2020,11.80,,,6.67,,,
27/11/2020,12.25,,,6.20,,,
28/11/2020,10.71,,,6.74,,,
29/11/2020,10.59,,,6.65,,,
30/11/2020,11.50,,,5.95,,0.40,
1/12/2020,12.00,,,8.05,,,
2/12/2020,11.90,,,6.37,,0.35,
3/12/2020,14.40,,,6.10,,,
4/12/2020,12.86,,,7.69,,,
4/12/2020,16.56,,,,,,
5/12/2020,6.52,,,6.38,,,
5/12/2020,13.45,,,,,,
6/12/2020,11.90,,,6.49,,,
7/12/2020,11.87,,,7.55,,,
8/12/2020,11.08,,,7.11,,,
9/12/2020,13.86,,,6.25,,0.27,
10/12/2020,8.43,,,8.57,,,
11/12/2020,11.12,,,6.97,,,
12/12/2020,9.33,,,6.22,,,
13/12/2020,7.68,,,6.83,,,
14/12/2020,10.10,,,7.05,,0.23,
15/12/2020,9.74,,,5.34,,,
16/12/2020,11.90,,,5.04,,1.44,
16/12/2020,9.33,,,7.11,,0.75,
17/12/2020,10.70,1.6,,7.25,,,
17/12/2020,10.80,,,7.25,,,
18/12/2020,10.10,,,6.35,,,
19/12/2020,12.97,,,7.06,,,
20/12/2020,12.52,,,7.50,,,
21/12/2020,9.12,,,6.56,,1.27,
21/12/2020,,,,,,1.06,
22/12/2020,10.80,,,6.03,,,
22/12/2020,,,,,,0.70,
23/12/2020,9.80,,,7.49,,0.61,
24/12/2020,11.20,,,6.81,,,
25/12/2020,9.19,,,7.39,,,
26/12/2020,10.39,,,6.23,,,
27/12/2020,13.86,,,7.35,,0.36,
28/12/2020,14.54,,,6.08,,1.00,
30/12/2020,5.85,,,6.91,,0.24,
31/12/2020,9.76,,,6.83,,,
1/01/2021,10.10,,,7.20,,,
2/01/2021,2.63,,,6.95,,,
3/01/2021,8.41,,,7.14,,,
4/01/2021,6.40,,,8.14,,0.15,
5/01/2021,4.59,,,7.86,,,
6/01/2021,9.34,,,7.14,,0.44,
7/01/2021,8.18,,,8.27,,,
8/01/2021,8.87,,,7.10,,,
9/01/2021,8.61,,,7.56,,,
10/01/2021,8.68,,,6.89,,,
11/01/2021,9.68,,,7.77,,0.21,
12/01/2021,12.39,,,5.16,,,
13/01/2021,10.04,,,7.44,,1.14,
14/01/2021,8.29,,,8.18,,,
15/01/2021,9.80,,,7.85,,,
16/01/2021,27.44,,,6.45,,,
16/01/2021,3.95,,,10.12,,,
17/01/2021,4.99,,,7.99,,,
18/01/2021,1,1,,8.26,2.2,,
18/01/2021,1,,,8.03,,0.46,
19/01/2021,6.40,,,8.16,,,
20/01/2021,7.65,,,6.98,,1.15,
21/01/2021,7.29,,,6.87,,,
22/01/2021,11.18,,,6.23,,,
23/01/2021,8.44,,,6.33,,,
24/01/2021,11.35,,,7.09,,,
25/01/2021,10.50,,,5.60,,0.85,
26/01/2021,9.08,,,5.81,,,
27/01/2021,8.02,,,6.88,,0.31,
28/01/2021,8.74,,,6.64,,,
29/01/2021,1,,,8.16,,,
30/01/2021,1,,,8.81,,,
31/01/2021,8.43,,,6.25,,,
1/02/2021,10.30,1,,7.31,,0.53,
2/02/2021,11.00,,,6.31,,,
3/02/2021,8.01,1,,8.85,,0.02,
4/02/2021,7.77,,,6.48,,,
5/02/2021,8.75,,,7.61,,,
6/02/2021,6.28,,,7.22,,,
7/02/2021,2.45,,,7.75,,,
8/02/2021,7.84,1,,7.41,,0.51,
9/02/2021,15.39,,,6.75,,,
10/02/2021,1,1,,7.01,,0.35,
11/02/2021,8.32,,,7.51,,,
12/02/2021,7.29,,,7.54,,,
12/02/2021,7.29,,,,,0.57,
12/02/2021,8.70,,,,,0.41,
13/02/2021,2.27,,,8.03,,,
13/02/2021,,,,,,0.31,
13/02/2021,,,,,,2.19,
14/02/2021,1.27,,,7.01,,,
14/02/2021,17.78,,,5.58,,,
15/02/2021,2.19,1.8,,7.10,,1.99,
15/02/2021,,,,,,2.42,
16/02/2021,7.05,,,7.67,,,
17/02/2021,6.25,1,,8.12,,0.42,
17/02/2021,8.73,,,,,0.75,
18/02/2021,7.69,,,8.32,,,
18/02/2021,,,,,,0.15,
18/02/2021,9.69,,,,,0.82,
19/02/2021,9.08,,,9.32,,,
20/02/2021,7.05,,,7.94,,,
21/02/2021,10.83,,,8.41,,,
21/02/2021,,,,,,0.42,
22/02/2021,2.82,1,,7.69,,0.12,
23/02/2021,15.15,,,8.27,,,
24/02/2021,10.48,1.0,,6.40,,0.28,
25/02/2021,12.40,,,7.63,,,
26/02/2021,15.97,,,5.84,,,
26/02/2021,16.04,,,,,0.46,
26/02/2021,3.42,,,,,0.38,
27/02/2021,9.59,,,8.07,,,
27/02/2021,9.73,,,,,0.31,
27/02/2021,10.77,,,,,0.22,
28/02/2021,8.80,,,7.91,,,
28/02/2021,10.09,,,,,0.20,
28/02/2021,10.66,,,,,0.41,
1/03/2021,7.12,1,,8.03,,0.09,
2/03/2021,1,,,8.18,,,
3/03/2021,1,1,,7.61,,0.15,
4/03/2021,6.47,,,8.50,,,
5/03/2021,7.41,,,8.38,,,
6/03/2021,9.29,,,7.34,,,
6/03/2021,7.58,,,,,1.19,
7/03/2021,6.85,,,6.72,,,
7/03/2021,7.19,,,,,0.69,
7/03/2021,4.01,,,,,0.27,
8/03/2021,10.66,1,,7.76,,0.29,
8/03/2021,7.39,,,,,0.32,
9/03/2021,7.88,,,6.63,,,
9/03/2021,7.88,,,,,0.90,
9/03/2021,1.55,,,,,0.42,
10/03/2021,13.65,1,,7.62,,0.56,
10/03/2021,13.65,,,,,,
11/03/2021,8.30,,,7.31,,,
12/03/2021,1.89,,,7.42,,,
13/03/2021,9.49,,,7.49,,,
13/03/2021,,,,,,0.22,
13/03/2021,7.60,,,,,0.64,
14/03/2021,6.46,,,,,2.40,
14/03/2021,11.90,,,,,0.06,
15/03/2021,12.47,1,,8.35,,1.06,
15/03/2021,9.17,,,,,,
16/03/2021,12.52,,,6.55,,,
17/03/2021,8.99,1,,7.23,,0.41,
18/03/2021,11.41,,,8.25,,,
19/03/2021,9.89,,,7.31,,,
6/04/2021,14.02,,,7.16,,,
6/04/2021,14.28,,,,,0.71,
7/04/2021,12.32,1,,7.06,,0.90,
8/04/2021,11.43,,,7.85,,,
10/04/2021,3.58,,,7.02,,,
11/04/2021,2.16,,,6.92,,,
12/04/2021,10.08,1,,7.03,,1.95,
13/04/2021,10.69,,,7.30,,,
13/04/2021,,,,,,2.66,
13/04/2021,12.05,,,,,0.83,
14/04/2021,1.62,,,7.79,,,
15/04/2021,8.61,,,7.67,,,
16/04/2021,8.89,,,7.99,,,
17/04/2021,10.82,,,7.24,,,
18/04/2021,9.44,,,7.75,,,
19/04/2021,10.92,1,,6.98,,1.52,
20/04/2021,10.82,,,7.39,,,
21/04/2021,12.51,1,,5.89,,1.41,
22/04/2021,13.06,,,7.53,,,
23/04/2021,10.13,,,7.29,,,
24/04/2021,11.26,,,6.76,,,
25/04/2021,12.60,,,6.69,,,
26/04/2021,12.57,1,,7.70,,0.83,
27/04/2021,11.07,,,8.32,,,
28/04/2021,9.11,1,,8.16,,0.15,
29/04/2021,8.88,,,8.12,,,
30/04/2021,8.43,,,8.41,,,
1/05/2021,8.46,,,7.97,,,
2/05/2021,1,,,6.30,,,
3/05/2021,7.04,,,6.87,,,
4/05/2021,8.90,,,7.64,,,
5/05/2021,7.20,,,7.64,,0.42,
6/05/2021,1,,,8.10,,,
7/05/2021,2.53,,,7.88,,,
8/05/2021,6.29,,,8.08,,,
9/05/2021,1,,,7.96,,,
10/05/2021,5.78,1,,8.84,,0.12,
10/05/2021,5.78,,,,,0.12,
11/05/2021,9.88,,,8.62,,,
11/05/2021,,,,,,0.34,
12/05/2021,6.99,1,,7.96,,0.26,
13/05/2021,6.40,,,8.33,,,
14/05/2021,9.05,,,8.20,,,
15/05/2021,6.23,,,8.37,,,
16/05/2021,5.67,,,8.35,,,
17/05/2021,1.38,1,,8.16,,0.77,
18/05/2021,1,,,8.57,,,
19/05/2021,1,1,,8.19,,0.15,
20/05/2021,5.05,,,8.41,,,
23/05/2021,23.20,,,8.56,,,
23/05/2021,20.31,,,8.59,,0.68,
24/05/2021,1.02,1,,8.38,,0.17,
25/05/2021,1.73,,,8.67,,,
26/05/2021,1,,,8.50,,0.68,
27/05/2021,11.66,,,8.72,,,
28/05/2021,1,,,8.51,,,
30/05/2021,1.59,,,8.84,,,
31/05/2021,1,,,6.90,,,
31/05/2021,49.03,,,7.48,,0.72,
1/06/2021,44.65,,,8.47,,,
3/06/2021,6.88,,,8.31,,,
4/06/2021,1,,,7.87,,,
5/06/2021,1,,,8.21,,,
6/06/2021,7.66,,,8.29,,,
7/06/2021,6.24,,4.6,8.51,,0.09,
8/06/2021,6.68,,,8.15,,,
9/06/2021,6.98,,1,8.24,,1.04,
10/06/2021,7.28,,,8.26,,,
11/06/2021,8.15,,,7.32,,,
12/06/2021,7.42,,,7.88,,,
13/06/2021,9.26,,,7.46,,,
14/06/2021,9.30,,1,7.78,,0.44,
,,,,,,,
,,,,,,,
